,Job Id,Job Title,Job Link,Company Name,Location,Connection Info
0,3840115282,Full Stack Engineer,/jobs/view/3840115282/?eBP=CwEAAAGOFEc4N_FaOiBYsQr3xeNRtK6WYGey4pjSKPjngqVJo7lFhKJifW1ibKvYTmd0rMMIkjWRuemfzPd-nm6yiHg-30K08UJV3S5VuMHebPemnr99Om4KF-j7MDIX3P3UOfuK7mBwcerPHWyPQKsB6aDLtNXz01X37LKWCvkH0fbdnGbWslVyW9aiN0pbZ__KunfFPShfWtj9SOHJpNFUPauWxmodRlLtCB0joGlU6g28A3_WVncNxyDWolA3Q-jNCgJfkWh757xzIkKOyf8fR5prgxHutCucuKWmgJXA4_og-BLhs3-HqcM1MYlaQ2k-wDWFyYL9n5NoTHA3l_ka7RfuD6o7UUiH_QFMPAeKJx9FZ_YbJwVKi-UHP5vUbfbrUYC0hNXTXx4BNxKl1wvVoDVIFTvNQg&refId=FGC1Ft%2BzW8sXceeCf9lEyg%3D%3D&trackingId=s0eMUsM7fx%2FftGUZnQIxoA%3D%3D&trk=flagship3_search_srp_jobs,Xebia,"Gurugram, Haryana, India (Hybrid)",1 connection works here
1,3843647529,Python Developer,/jobs/view/3843647529/?eBP=CwEAAAGOFEc4NybgbmRvSKjfFdOmG2EDpumkbTGAZb_gw4gtDpc9ZPVGpUcQjVoBy63epkqpQioXh5A_8B3g6vnY_BxtS2I-z5LLjBTsNE_eGoV0I2KPnncpaLpWc41crb2myS-kGr8wbxkqFOiBTscf43A_b53-vD5PvHlcTICViyE8o061QlPfAx7Z-ZtaZzJKFBZxxr3zJPt_aKlR7CvoVcimWqaWHwvzUPnyFKEmYKEtXvV8uqSauq5PYvsEiUy61G6xGhaWCBdervjk5UTpUwIEwoMNYsR7_jVua9sJrs_0Vyut4vlxq79_kzqh5CZfczJ5fJGT07igukGyGh2HtOFgPRxl5ijejKPcttcsXYMuSBNOIAJnQw&refId=FGC1Ft%2BzW8sXceeCf9lEyg%3D%3D&trackingId=zuWfwMMhqi0C4J6vqMJa4w%3D%3D&trk=flagship3_search_srp_jobs,Synechron,"Pune, Maharashtra, India (On-site)",2 school alumni work here
2,3843661728,Full Stack Engineer,/jobs/view/3843661728/?eBP=CwEAAAGOFEc4NzMPl-bzIDBizxFyr7pjD1_9lRHNTP2LPrOVeY9cOTdVjLskR5bO8_69xm_ti2nijKLEJPu1Ef8uIe_CVZWetqUnWB847gKSdwq511sBC_O_nMDvGxHr9LfAlN6dtVd4uP2O4lKkWiOLHQvQcYaYb7ICuhYNRiIKrj2B47fwPTkEwHvqZEFPMS4N8tyH3xZpDRez_SruSIgfS7qlI6LkynMW7SFhKFLu9xbHSCgbWEUB28yJVXsbhkDwwSuOmOXp1GySmQIiB3ih6sfOhKiNuqM5BgwJ41v_8FVR2Pii1kQ3ZqgH4GbD2WN571r_dI7KaD_a3BGcoCidocbmfOHAwtthcseZR1iNh7VxyFuWnBU1ZroGDX5Nbkaf9w0-1pgX3hZBzbqbtimJgnX758nlnw&refId=FGC1Ft%2BzW8sXceeCf9lEyg%3D%3D&trackingId=yCrMZke%2FvkoVnn3ki70l6A%3D%3D&trk=flagship3_search_srp_jobs,Intuit,"Bengaluru, Karnataka, India (Hybrid)",Actively recruiting
3,3831016242,Software Engineer-Data Engineer,/jobs/view/3831016242/?eBP=CwEAAAGOFEc4N0kuoR2E-vt_OAjNalSdWoENC3zLy2GZrEivLP9wVlQPrxh0rjJmJ996wjzocbQ33f-UX05QDJrAoI2a_PDxAF4FcOa9c9rWe4LR_YUDRLVG3BIKyNMgvOgPshyDRFLrZ7xlAr3imSwaKcJhMugaeLlVEniVoksEZ0xIxywTspGjEoZS0L1_QFN2DRd3dvODPu1195H5MsGJ7TgJFHi9NMThb6qdrx7Lr7tPBvQ3_-4yU2PUmYNDn71W_EhEVqJKniLNGTck2LQCUmPj6vQ8g42aWQv3Hng0lYLuz2PNy9RdV09ciQ9u7kPBToXMp3PxLsj6AfJ9I0zgwl41rFSL9IjByQ-B8yOGYL29M7QznE82Px7V6hUgnuRAptLvyf__XHlq&refId=FGC1Ft%2BzW8sXceeCf9lEyg%3D%3D&trackingId=MIj%2FERb33k7i4XWg8WiLmQ%3D%3D&trk=flagship3_search_srp_jobs,Clinisys,"Bengaluru, Karnataka, India (On-site)",10 company alumni work here
4,3834846276,Python Fast API Developer,/jobs/view/3834846276/?eBP=CwEAAAGOFEc4N1p9mxXS-z9h0eA95eHKvqheJRE3CIntEl8c1YE46RvemAU8UU3YcjelA9mIsU8V54h8r3gfdns9Mmb1xJ9kM2Ukpdji3ZXsgCgRgO3aYagqpJ12i8PgXmmBYQgCS3P5aujJ3vK-zqCxBXIR45-RRv50v6gDQPCcm2qiO4oXCMWg5B58GlrsNal580y5rmbHe-0Qwils9r3dOdVebvvCdlP7QZpCQURBW3XCBfUbdSb5nagw8fZVQidPoKzqk7IVU0AaHgvbTdgSArI2zXgeqdOUa2aUfv8zVHLL7sP-8ic4XZmskYvg3mNCJBK_5eTCrJK4gW23NKbTAlFiHU0sDnb_14_OcM4XHviiNKQUNKeg54jpzUGsgB6e2FQpVmtkOEYEwEaGOkVOnxleKAK5K7tW8sifX2ZwfBp9YPmh3USq1DJG&refId=FGC1Ft%2BzW8sXceeCf9lEyg%3D%3D&trackingId=SfYPBQLvhAreuuIY2WF%2BCg%3D%3D&trk=flagship3_search_srp_jobs,Cloudifyapps,Greater Kolkata Area (On-site),Actively recruiting
5,3837547659,Cloud Python Developer,/jobs/view/3837547659/?eBP=CwEAAAGOFEc4N9_YWMOEqt7GTvq2n_Ptrj5gSwRbPeSdDE2CbBg0aYH9fe-ZSkqZERRO9H7G1LvPswg5N7430IkiWy4sc5I91x-cZlt9gwhOeHqppAkegnOfHeO5SRWHCyx-4u_hLHaSYmxqIp8KxqTY6URXcVQH6jWIcvzWfwGRY79fqr3hQAsNvBkUaEcevW9H5aN72-ynw80VWxmOSpAw1oZp194yfqF0ygYPbmFZbxGSIQm6gvDDNJmDg973MGmkTeqC6nazAYCr4g1XUPxH7TE2-C3F2v2R_c7SkwEHMaTpgYwh-fxoBD0KEHqR8MvDqMz54nCMNv70iZSgP9Mafk5lWtaQ5oBQUQObPU9hcjq-_SaAMOWXLLyIvIRmyrVuU0D6Bk6xeTS5cxZn03W2ceGwh31a_GMklPu_O8AcOtsHyxjRnq3qma2yG-Y&refId=FGC1Ft%2BzW8sXceeCf9lEyg%3D%3D&trackingId=6SrTnxojvOJI4LaKmhPdHg%3D%3D&trk=flagship3_search_srp_jobs,CleanKoding,"Bengaluru, Karnataka, India (On-site)",Your profile matches this job
6,3747435017,"Software Engineer, Search",/jobs/view/3747435017/?eBP=CwEAAAGOFEc4N1p7lwzkYwDEzK8liykqVML22-voB2MX-anqlr8Hgc72PCkRDKqpC051DrqSP8eABcjrypOsctPApEQuWRG7wkCpp129r8CwHCR7sKNoFtZ5doFRnZ3qEypx0FDZmzrWjrkncI8Md_jVmB9JOzleN558a6gH_qByPmzCdFMrluI7IGGkZgMVFKVZLLBTIHWQISpNx18BBRbvn2OIZQSRhSHl7BDvux_1CyWBmeEueUIQ6v7V_buhS6sYp5EHQlQCFWRXZGIcqk6fADudIe9RoFnh782Z-JaK41OAZJfXgfVolmUTwKMk9YV7LIuaT1KFmBrlSN7QNMxL6jT80qCpJcLRNbTCyQtbRgoWqFKfkxT52wdFclH5f-QlO5F8rzcEDvRO-Gy3oEkIfIGpn0KZEg&refId=FGC1Ft%2BzW8sXceeCf9lEyg%3D%3D&trackingId=pqj3sYKbemRLhNGlcHVUog%3D%3D&trk=flagship3_search_srp_jobs,Google,"Bengaluru, Karnataka, India (On-site)",12 connections work here
7,3774226400,Backend Engineer (India),/jobs/view/3774226400/?eBP=CwEAAAGOFEc4OE3Gh02Apw00KhmMI6dmBuKAiEPxECtccvc9JOIca0wMPp6K2VBa2VTeaJRnfCy_ujw_XKm5oyLDBvYzgfnzAtgZBDQSYp89WiU5Osn2XakREA1-PmQhef4qi5PSBZpCvTnP6NBjA8qo1gmqb5CVxpdXgkp9scBvp4NzmDft8xScoronGtRorQANWgwk-R2uTiGXJX3_QfI6jI1DnnhOEg1oFg7XBzHyVM1dRUnR-ibw2mbhFU3xjLZ24A8_WVo25HQ3Oc13hY8GqGvfOlox7D_KUHq4swCJJtZhm7DnbDsi-zRbnTnmJyEd7izKALMZX0TK2Y0mJBjDuEug5PsHOsFkWIMsCo2iOT7o-LjRuUyUaKZ4Sy0M8XxOr4vJWEkcK1n08h3da4O2QzqBK-Rzu4Tj&refId=FGC1Ft%2BzW8sXceeCf9lEyg%3D%3D&trackingId=iSsa5XIs2JR5j211ZRb2XQ%3D%3D&trk=flagship3_search_srp_jobs,Onehouse,"Bengaluru, Karnataka, India (Hybrid)",Actively recruiting
8,3809344956,Software Engineer,/jobs/view/3809344956/?eBP=CwEAAAGOFEc4OMiVZm1HxZc6B3XH8Fg9tKqYZW74RP9RK-HloxpXRLbi4eJWvmo_VI9u8KvW32f-z6DgOfmO_9Yozks7Q0W0KKGXdJaCs5ryfwN297NYoY_d-zGnXe_kWsUcycNYXbKFcq2oOh3sw0BrrYwgCZHu5TEUl-mZ0MppEi1APAMQNqEX-rPcohkmiRoGm34P8R5AeKJrfeb3l66X85pL6IRXT9vRpxmPmPPiBaS7eVzXUjStvKOlLs7s6pVnXtqfzT9UHjJRDcAzyyfBkGvAqgcg0awg7y1fBqYRW0uK7PLS44vJq7AO0ALbrG_u1hjwNqLPRgKpB13Jsufs7RH19etf0H0S7JnzyS5NZT0IdJzJY1anAETt&refId=FGC1Ft%2BzW8sXceeCf9lEyg%3D%3D&trackingId=mbkg7IvYJDCIamn0WvqVjA%3D%3D&trk=flagship3_search_srp_jobs,Volvo Cars,"Bengaluru, Karnataka, India",Actively recruiting
9,3840141729,Python Developer,/jobs/view/3840141729/?eBP=CwEAAAGOFEc4OGcYc8xPUJ1-93g4JdvJIvvdciQnWxcOfyvNIJk1LX9DLc18WMgB0GIGzBL_B0Nrb2uxSbfzJ3BvZBWII5-NrwNpkSF9CK3icArDk4T5uury931nG1UxtpC8tqT3jjzRS64p4crVqpoB9OSkzaG1aey5Vh_QH4Blg7LRcpu284HqErbRK_NQU8LWsNftdmv57qvHQ9ZSlmj50CkJSP_RXBrI0FPYUP8pLut2Ms5WJc6QjqKOBJX-5GA6RZ8mNSzNebDwD5YNEfIINuiB3dQoGtp2vdXQeWnlBUC_eMEOHwIZ23Tw1_85L1W1SS_PejmtvyQ1RolWOeDiGdSHBaIdH4OFputUNrpdhBFubIkpdFXeKA&refId=FGC1Ft%2BzW8sXceeCf9lEyg%3D%3D&trackingId=gMUC6oyiMUcf9Lm%2FmxZoFA%3D%3D&trk=flagship3_search_srp_jobs,SmartBots AI,"Hyderabad, Telangana, India (On-site)",
10,3826031516,Software Engineer 3 (Python Dev),/jobs/view/3826031516/?eBP=CwEAAAGOFEc4OONQ1qTsgwMHUgbVLAyUYSyV8QDlBVWVb5EuzW-KM_NR0vV5mDD2TwH2m5XbPvf1TdAum7U6cTtlIlYv2zxshdf52uE5dt2ADElYn0UNZ93FxxcfsZmmTiha-mitHJHC_1X8nOdzsub-NcqPPhSo7yLWcIcB3GKLGjsCuRfgK_cX6e1q35TTv92G12lwAs5GoStRDvWjwk8a_TaL61pRsHEDW1hc8_so3tPP9VVq_-ZgSmTnhDWdqXQ5b8KK9L6xzn9ukcAtq8e-x6DAfvyejhpCXkl991nUEgXIBhshv5BIcD5PBySib7PjgnQ4pjQAZ7wn1MNLQtvntnIHMIPQb7InNTjSTbvQbN2Cjm0s7EB1xHViXIXXqyUDrfOWcQdh1v6M_eI_liT_OQhFapbggF-a&refId=FGC1Ft%2BzW8sXceeCf9lEyg%3D%3D&trackingId=EybKcjBe8Og%2F7u2gdtPBzw%3D%3D&trk=flagship3_search_srp_jobs,Juniper Networks,"Bengaluru, Karnataka, India",1 connection works here
11,3843622602,Python ETL developer,/jobs/view/3843622602/?eBP=CwEAAAGOFEc4ONpxPzzvVySfSQ8fmSh4Poda4vZR5uc8xYJyoEKILJ46dNkSzKmlyp-Ehctl3XZ_l033aFjNluhn3cSQ_TSBzTaA1X38QbmIaAvEmzCMTj7H6wdcR5ZbaNjO9e4gJSt865JYTxXwYnszeINHZZE_oH-hucytTslQ-pVFTqqxoxuBImKjDLxPxmyz9PG8eAQ6lqk-Qi9af4e1TDo-39MPG-yjPeCvw_N_w5KltbvbYEOAAZzjWG5UEWC0Mt2Q7yCSAM-ufuw163CudC3ZOiBVYrzygGi8HfRQYcgV0VNlOtdAyDh7Wv9Vwxbki26UFuYSbjlcVismr4Xel91cK7U3f8RWKkJW0BlY-BC1WZyU80VAUAqNFRNbe4Vmy6FfbHQpOOsUAbVuKhUJQUUwecY_4Vtb&refId=FGC1Ft%2BzW8sXceeCf9lEyg%3D%3D&trackingId=IDLwL1WPZlgqjdMdmAiYbw%3D%3D&trk=flagship3_search_srp_jobs,HTC Global Services,India (Remote),Actively recruiting
12,3808663352,Software Engineer,/jobs/view/3808663352/?eBP=CwEAAAGOFEc4OHdZ8uL2bBLMTNJTw5uLbTlS6gNuryt2q9EzA6zhfUNLJUg-HHjGpFndMht7BZPXISjk0S3vUVNxg7sltWAcApMT0HvGvNVkiHVqj4J2I3csKJ62VTK3T8sHeklwO7m-5IFE4XNdP1uy_WzJiwmi_eVaA05HDR4rmmbYiKE6nKegWrtukJWNzj6a1RmBeWf0Li_C6MHQwCTDxnw7WYZ7R-zL67W83VKyrgb64P_zeOJoAf559T1hZNYjv0Vset0rL50vdto8K2KU2sf_OVLnSln2FMwhDqFyfQznMq__tBfNarlYF9dacARsJjWj6-f_hHLcqV2reNvP_OQv_cSx6wUDqp7f4515SpLO7OkeaCkf2Q&refId=FGC1Ft%2BzW8sXceeCf9lEyg%3D%3D&trackingId=r6ZlCbYat7zqpFHhXqd56Q%3D%3D&trk=flagship3_search_srp_jobs,Blink Health,"Bengaluru, Karnataka, India",Actively recruiting
13,3831419107,Software Engineer-Data Engineer,/jobs/view/3831419107/?eBP=CwEAAAGOFEc4OBOfKkb7tQN5roeOCiTKVE1ADTlxAMH1Ic8KkeunB8O0vPJW2WCjNfdWi7MxvReKPKtoTDLhG4we8MJIaZlIeZ4L872uJQhBGHsvhSNpAMMGKTUKGoKmsGO7JphayGyS3QYanpW6X0wWrb1MXmiRhFK6p9w-dQabiTEhthgl8SkkbvPFDZzekNOO6mpn63wwJu5YN-66w-3K3ayagCSCbNYkpV9PavCMnTQh_Ri2be8ZGbtwX3DUkEehsjmX8rqmDVWi9tqTLjuRA3hT7b164ul4jXb12f3jk7kXZ6vLGMbaQ7WYgiVFvf8wuiid2cvyhYNLg8uQuVlsTHm1x4OdEak_XDSnlav95NdQi81vRm3DDsT8fus-ZsaUuSqN7hfI1tSi&refId=FGC1Ft%2BzW8sXceeCf9lEyg%3D%3D&trackingId=iMiHXITd3qHd0I73cZsnGw%3D%3D&trk=flagship3_search_srp_jobs,Clinisys,Greater Kolkata Area (On-site),10 company alumni work here
14,3828161229,Software Engineer (Snowflake),/jobs/view/3828161229/?eBP=CwEAAAGOFEc4OMnpwdWSt47qGJe6sEGwmJ_VE-nBpY2fzRqc4LhlZLnuzxQ_kFso0tEFpKp1C6uIOdH2WXf8My0lFUUS2PdBnnxHAwriB_6bZc-FJISH6Jq9ZsRmOuETLhw7jIWiD7L_qBVrlwkooIRgY6aSlxqyGun6131EXJ8RkcQjIfcN11QNQwg8UDQvstyxKOnKfLhFkjVRGfbVypK1c6vg9mD9GpNJnCQ4QyyDuTJABq42tt2HFnuv4n5QYzJEt_X59nQNbzt7xFMKE0ctsvlvZnEhVGaCF928s0AnMPpHMOeOejIDdilsiAFcSN4tF0ItMijx238CeltPstf3AMQf9B61I_5CZRW0gn46k5bLQFBjVCfBEQ&refId=FGC1Ft%2BzW8sXceeCf9lEyg%3D%3D&trackingId=PXD1g%2FaLhHitVKWocolZ2A%3D%3D&trk=flagship3_search_srp_jobs,Amdocs,"Gurugram, Haryana, India (Hybrid)",3 connections work here
15,3686356484,Software Engineer,/jobs/view/3686356484/?eBP=CwEAAAGOFEc4OOnUmCyI2oGmRXNDIwQfRlJoIjhxSEo1sOMkagbon5YCv9PO5c9E9UoX8qhDxRd3tbzO1vmEOqEpDSBCHEHXQ0mWSCKjciG4jG8aBdiOUtupwCi51xxyNKPfR9x_rSKVTYYYkWy9y5lFTMQimUGKHIXOVxmFI02bg1sQPtSt9YxzsoqUgxQsbIz-1DKAbFsxGHAguHAaSFQSDC_rbwpTFABQ82AwRhjqnbR2WsI5s5GiwafgSrlaq8Zk-L5OAmpSgC-6QpP-12X0s8f3eXtcV8AFXxsE-Njd8DtXNOLKG6aUtGpcS5l9KPMnVMYJAfcDP9cYKCAAgxjC5Wb2RmS0RiUKVbOXvjpezXMAYQaRuE4O2g&refId=FGC1Ft%2BzW8sXceeCf9lEyg%3D%3D&trackingId=rGiNrlKw5FjzBZd%2FXZ%2Fy4w%3D%3D&trk=flagship3_search_srp_jobs,Siemens,"Bengaluru, Karnataka, India (On-site)",1 connection works here
16,3821395935,Software Engineer,/jobs/view/3821395935/?eBP=CwEAAAGOFEc4OE2gMsxKvGL9aWTwyX5-r9Cl_1RDWkbK8F1zkSzg0MKsFXvVmDkvWeW8g30Nip_YzQipBVb9TCpMr6Abk0UuZawfmE25aiGzZb2lA32ZVA7sigA_xgltiiPoauicZo93W1lIsM06Lq1e726gARyB97qgW5chuUhVAu0HS0gBKuxZDCF_IGcLipF6Mza1tGVgQpNIW_X_9AebaB-Wu-MHjaGTTLJM6OoupDZOSunjThNvQoBld0ds9V1UyXkjuIKiuqjk0yiEKAN60WzvOGGJertDhEXBfgVOvxcb76Yeu60kG_oqi6AZ0W0ox0Wuwhg8W5uxLP0P2rU-L0wCLIGmn_5joAiUxBb7lWr6y082qxdu9A&refId=FGC1Ft%2BzW8sXceeCf9lEyg%3D%3D&trackingId=fqWr4bh7XBqpsHk3u8fWKg%3D%3D&trk=flagship3_search_srp_jobs,Motorola Solutions,"Bengaluru, Karnataka, India (Hybrid)",Actively recruiting
17,3840190531,Junior Software Engineer,/jobs/view/3840190531/?eBP=CwEAAAGOFEc4OGw1PyXwnptGqbroYCUUsfgYiI5bCZ6-dUP4S07ynvN6UjyMBHYetwHjVPV0B0o2nh6C9m0bxDrucQr3H0cqSGOPNuk-2Rc2_loCvvxMWbZXEWoo-rAEe7XvXIXm2ns8JPMIRj9SRNpxu6Z8YjN3rDaAGXRH0sXtGndUr5qZ0J3acVNY2ZGXUOUHdLPJ1qvg--sy41yq6OBNC3MJBVtSmxI7qpeWX-xfUu17ygRMEEgWVqO2OWWIjk-kQxhHLbtHYtS3MPDFtaar5vGHR54PoV6zMB2Ue4QZQyfklWeaqBXXnDBBZY97tLApJm3xuS-D5Rs6WcEvspV6HhQ2PXfixuf1HPJwpOK8vFe3sXteV7TYvA&refId=FGC1Ft%2BzW8sXceeCf9lEyg%3D%3D&trackingId=5wNFxpIkXfoS0JHmMBBPTw%3D%3D&trk=flagship3_search_srp_jobs,PureCode AI,"New Delhi, Delhi, India (Hybrid)",Actively recruiting
18,3718922453,Software Engineer,/jobs/view/3718922453/?eBP=CwEAAAGOFEc4OEew6UDNXIJA1IsTaxcUOxxD6ShWWNtfAhxk58TTCjEzDEKesGLeFkzWqZpjChw9sW-SGOgh8JuwIsZvV03zA7D9VNvsHJxilVEdCfbR54PsFrDLtyEFVd1c9j7lqh8nndPUy8F83NPJhPRp6A1zTks1nTd4VV7IGqHOxcYOsk-reQBlQVZ3egDMubWseiAhgP_bsNFck_au_IxZG4LI9MkHLJSTzTwaKmiGOth6DiNEAwHRCt7010SP0miw2yP76oCY1S11lA1jx1KsblTLGfXKxZXtAtVFjRwTZ0LSsXT_9KfGXhYWWA0f5i582s1zZlBOTqTXsBuba4l20s3Vd3v0MihjzHSININzXNiyamfoR0pFdNeRFATurbj6sqKel9gva2LtKi4&refId=FGC1Ft%2BzW8sXceeCf9lEyg%3D%3D&trackingId=BBL2qqu6Be0iSvSZsLqA5g%3D%3D&trk=flagship3_search_srp_jobs,OneMD,"Mumbai, Maharashtra, India (On-site)",Your profile matches this job
19,3828128020,Software Engineer (Snowflake),/jobs/view/3828128020/?eBP=CwEAAAGOFEc4ONYStHiaByXXQgQbErHjLoYikeAw9Xxn2-vB7kef5W5xYzWVM97jJLvAovvgwA3DXHH20in50QjC8d8_7D3WviCGK3L25bsA4V3lbdNPpX8IDnQ0cquUALYFQYtmW3A7ppJE3ZqNewhNf07XlHt9apKz9ZQMY6S6lRzaLaoNxsvi0ozC3_RElg9uMZ1CITacHq6y-9CYdt8TzID77rhdqVGvLvyIKg2cEcDlgalaqcvIHntLg_M32HGizrRCCi_qJqUI8566573vlQSrBXM3ZGvzNED0TRUnY7784oYlAUOeBkeIx9U05D-ibW21ZZUDy9fgdTghi_uTNjISr2Xwm1EM9uiq7rgzv6hVP-RtxWuCFg&refId=FGC1Ft%2BzW8sXceeCf9lEyg%3D%3D&trackingId=5MnkDFb43nDmesZWT8RbOw%3D%3D&trk=flagship3_search_srp_jobs,Amdocs,"Pune, Maharashtra, India (Hybrid)",29 school alumni work here
20,3823343716,Software Engineer,/jobs/view/3823343716/?eBP=CwEAAAGOFEc4OKdpXX3Kk0ecRk_JUWRUzZmvNkXG29PBcYBmqIhHrNrUteP5AYhJMcLgvceUP24qTueoaGH802pRvnqZz9Z1Qa8C-h2FZBWVHtw48Qo0g8BeySCnrNemRUcPgGaKEwj3PKQnkGZmRiImnAJiKhxxZjxgd-QVypueGPSikTz3AKM_IigxTwaDaddlqb-E0MpsqDU2LqguUn2DyLTCtr2g07UH70hgq_Ky60_x4ST-9K4UxcarOV2v9lMzg6PCbb-XDcuSymeklDlGLTn1D-P34VM82OPjCVxar1b2bzAIiDNwTtWEv8BoPncFSxOkZngQbKXDnijFO8M5gVZ2t0I5XcN96kjvPuVvJGRUEVBeXqFl1g&refId=FGC1Ft%2BzW8sXceeCf9lEyg%3D%3D&trackingId=xNqc9QlnTnZKb2E%2FTyx7oA%3D%3D&trk=flagship3_search_srp_jobs,MassMutual India,"Hyderabad, Telangana, India (Hybrid)",24 company alumni work here
21,3812307693,Software Backend Developer,/jobs/view/3812307693/?eBP=CwEAAAGOFEc4OMwY2jYcoY7sJTS45ZMy91bb6ereP3m6YSe21hVhfcfO_RV0uAz4q40AV5piflvXCljzRAL_AbfHT5aSi71wVm5kezy22NbFdFiYYCYzOZgapoCPHqk765QaVCDUErHj_b5MCt3owFQYiv_yBMg38CmlHIvgOBdKz8NybqjsLK6OU-2FHpFwbc1p2xdi2EpMfyF62phvnszQWbQcMKHd1DArydHRz0nGSfai-A1Kx1mvq_W2XJ462Ho1io_5VpAuWTx8m45D0Ert0OgWAmMv4qYQIV-0T6jJRjQxlAbwRs4Kdz5lQgZeX8ERjkPZy_fP0iG8kfZHHbtBk4nodpvJzsOboOVYY_5Kk10ao7bdDDZ2xg&refId=FGC1Ft%2BzW8sXceeCf9lEyg%3D%3D&trackingId=4TxSB4jJ%2FAT605id%2Fjb0bQ%3D%3D&trk=flagship3_search_srp_jobs,CHEP,"Bengaluru, Karnataka, India (Hybrid)",Actively recruiting
22,3718911001,Software Engineer / Data Engineer,/jobs/view/3718911001/?eBP=CwEAAAGOFEc4OAMqpx2o-4XrmnBwN-xgDRbB49ZoSAAtuXisS_LWkuPqIq52D9t__rnR9hpqNsoSh8TCS8lrWJZFPI0Qtu9KJsh8bFurSEp3n3rh3OCFgyyjFcG32-wwj44aWZfWXaFJuL_9v5sjgEtJh08TR7HnwcjiCgjB6LpmAIhunXae7YGX90eOgQExIaHZlBmX7JasaTcqbf7_MwqHKSUSko-9Gss0j1h_-UJ4aYNWJe55jNNqMrR6a5AtXyL27nDaKf-Hl2GxS0oGVmwP0pfpL_Qj4JC6M-BPkQ9u8VQY4st-SQ-UAub_jYhCde8HSlEQfHqmDsOJJtisYb8mgzvAdbOTJaujOIJ7FwrxJLKZXty7O02gAg&refId=FGC1Ft%2BzW8sXceeCf9lEyg%3D%3D&trackingId=tNts%2B%2BsrfdccCRDskPENsQ%3D%3D&trk=flagship3_search_srp_jobs,Juniper Networks,"Bengaluru, Karnataka, India",1 connection works here
23,3832254050,Software Engineer,/jobs/view/3832254050/?eBP=CwEAAAGOFEc4OMzAiYSVJWWgNGlQUMGvLAeEZjlKnRPX2g4PF1p_F3_eZ_rwoaIJnEWuH2ToyUIxbfmGoi5lO5NJFmeEWPYEgNv-ay4xEi5q9TeVyRuIl8nhG34WntXfodmpRoe97MQUEA-Xcqli0YIDP3lNPy2eUO42bS4nTfcz6ResvOvRDb3bGa_pxhT12pRZzciPs7AmEqnIxL4s265m-ZqMVuQ1MMpD9IkRiqqj0TvHEdszH2u4yhNh10oR_BX6XsUT05OuXq8NpNgUFgf4TMqkcZnQmg6H0TW_i4_UwSvCw3g8I_qW4Cedz5LrHSruFpVY_VnhQrY8iIsYQjmJYaUTWrRqkpVElGx5PCGK5D1WyxBQ6lNGua2swpX40HjWtBmuaLrRSW1S&refId=FGC1Ft%2BzW8sXceeCf9lEyg%3D%3D&trackingId=I01fq1%2FLLeIkFRgVBeU65A%3D%3D&trk=flagship3_search_srp_jobs,Lowe's India,"Bengaluru, Karnataka, India (On-site)",2 connections work here
24,3791212490,Software Engineer Backend,/jobs/view/3791212490/?eBP=CwEAAAGOFEc4OPrV9w9iUxUIFcyhFXDeOjll98HSXNikeedDTADn3KcGZny6llWFqpGtIoUf9vXUwd7Zq2Ros4MVLwwaYCvqSDc0lP-CxAEK5n8AuveRGHIMjaHkoH1bGjIH11cmRk6jXrmbJdFbJjuIxf3xKYVC6_rhY3Er62xisv82mK0mW-_QInSdRpWmg135IJh-A1n-HRrlvrQHAv2DDq5Y_xAO1cQGSY1Cum7lTGOa516BvU0iRUBj6GBp0Y18v4MjxALsiXlagZdpnmIhouAXDk5c7TcbFnt90ZwIXT_zmEgJPgDew2GgwmT5sK8PlFWZj1inX9ypRFL_GWDh5QU_NupMD-byZ2bRAWrXOTMjqe0qjDWDONLx&refId=FGC1Ft%2BzW8sXceeCf9lEyg%3D%3D&trackingId=gXV5NGChQWYouc%2FtWmI6cw%3D%3D&trk=flagship3_search_srp_jobs,CloudBees,Greater Chennai Area (Hybrid),13 company alumni work here
